{
  "schemaVersion": 1,
  "id": "advancednetherite",
  "version": "1.5.0-1.18.2",

  "name": "Advanced Netherite",
  "description": "A vanilla friendly and open-source mod that adds in more tiers of Netherite! The goal of the mod is to extend the vanilla Minecraft experience by adding more goals to achieve.",
  "authors": [
    "Autovw"
  ],
  "contact": {
    "homepage": "https://www.curseforge.com/minecraft/mc-mods/advanced-netherite-fabric",
    "issues": "https://github.com/Autovw/AdvancedNetheriteFabric/issues",
    "sources": "https://github.com/Autovw/AdvancedNetheriteFabric"
  },

  "license": "GNU General Public License v3.0",
  "icon": "assets/advancednetherite/advancednetherite_logo.png",

  "environment": "*",
  "entrypoints": {
    "main": [
      "com.autovw.advancednetherite.AdvancedNetheriteFabric"
    ],
    "client": [
      "com.autovw.advancednetherite.client.ClientHandler"
    ]
  },
  "mixins": [
    "advancednetherite.mixins.json"
  ],

  "depends": {
    "fabricloader": ">=0.13.3",
    "fabric": "*",
    "minecraft": "1.18.2",
    "java": ">=17"
  },
  "recommends": {
    "detailab": "=>2.6.2"
  },
  "custom": {
    "modmenu": {
      "links": {
        "modmenu.discord": "https://discord.gg/KP3BBatuw5",
        "modmenu.wiki": "https://github.com/Autovw/AdvancedNetheriteFabric/wiki",
        "modmenu.twitter": "https://twitter.com/JoranAutovw"
      }
    }
  }
}
