{
  "mappings": {
    "com/autovw/advancednetherite/mixin/EndermanEntityMixin": {
      "isPlayerStaring": "Lnet/minecraft/class_1560;method_7026(Lnet/minecraft/class_1657;)Z"
    },
    "com/autovw/advancednetherite/mixin/PiglinBrainMixin": {
      "wearsGoldArmor": "Lnet/minecraft/class_4838;method_24719(Lnet/minecraft/class_1309;)Z"
    },
    "com/autovw/advancednetherite/mixin/PhantomEntityMixin": {
      "tick": "Lnet/minecraft/class_1593;method_5773()V"
    },
    "com/autovw/advancednetherite/mixin/ArmorFeatureRendererMixin": {
      "getArmorTexture": "Lnet/minecraft/class_970;method_4174(Lnet/minecraft/class_1738;ZLjava/lang/String;)Lnet/minecraft/class_2960;"
    }
  },
  "data": {
    "named:intermediary": {
      "com/autovw/advancednetherite/mixin/EndermanEntityMixin": {
        "isPlayerStaring": "Lnet/minecraft/class_1560;method_7026(Lnet/minecraft/class_1657;)Z"
      },
      "com/autovw/advancednetherite/mixin/PiglinBrainMixin": {
        "wearsGoldArmor": "Lnet/minecraft/class_4838;method_24719(Lnet/minecraft/class_1309;)Z"
      },
      "com/autovw/advancednetherite/mixin/PhantomEntityMixin": {
        "tick": "Lnet/minecraft/class_1593;method_5773()V"
      },
      "com/autovw/advancednetherite/mixin/ArmorFeatureRendererMixin": {
        "getArmorTexture": "Lnet/minecraft/class_970;method_4174(Lnet/minecraft/class_1738;ZLjava/lang/String;)Lnet/minecraft/class_2960;"
      }
    }
  }
}