{
  "schemaVersion": 1,
  "id": "ae2",
  "version": "11.7.1",
  "name": "Applied Energistics 2",
  "description": "A Mod about matter, energy and using them to conquer the world..",
  "authors": [
    "TeamAppliedEnergistics"
  ],
  "contact": {
    "homepage": "https://appliedenergistics.github.io/",
    "sources": "https://github.com/AppliedEnergistics/Applied-Energistics-2/"
  },
  "license": "LGPL",
  "icon": "assets/ae2/logo.png",
  "environment": "*",
  "entrypoints": {
    "client": [
      "appeng.core.AppEngClientStartup"
    ],
    "server": [
      "appeng.core.AppEngServerStartup"
    ],
    "rei_client": [
      "appeng.integration.modules.rei.ReiPlugin"
    ],
    "jei_mod_plugin": [
      "appeng.integration.modules.jei.JEIPlugin"
    ],
    "jade": [
      "appeng.integration.modules.jade.JadeModule"
    ]
  },
  "mixins": [
    "ae2.mixins.json"
  ],
  "depends": {
    "fabricloader": "\u003e\u003d0.14.8",
    "fabric": "\u003e\u003d0.59.0",
    "minecraft": "1.18.x"
  },
  "conflicts": {
    "appliedenergistics2": "*"
  },
  "suggests": {},
  "accessWidener": "ae2.accesswidener",
  "custom": {
    "waila:plugins": {
      "id": "ae2:wthit",
      "initializer": "appeng.integration.modules.wthit.WthitModule"
    }
  },
  "jars": [
    {
      "file": "META-INF/jars/energy-2.0.0-beta1.jar"
    },
    {
      "file": "META-INF/jars/NoIndium-1.0.2+1.18.2.jar"
    }
  ]
}