{
  "parent": "minecraft:nether/netherite_armor",
  "display": {
    "icon": {
      "item": "advancednetherite:netherite_iron_chestplate",
      "nbt": "{Damage:0}"
    },
    "title": {
      "translate": "advancements.advancednetherite.nether.netherite_iron_armor.title"
    },
    "description": {
      "translate": "advancements.advancednetherite.nether.netherite_iron_armor.description"
    },
    "frame": "challenge",
    "show_toast": true,
    "announce_to_chat": true,
    "hidden": false
  },
  "rewards": {
    "experience": 100
  },
  "criteria": {
    "netherite_iron_armor": {
      "trigger": "minecraft:inventory_changed",
      "conditions": {
        "items": [
          {
            "items": [
              "advancednetherite:netherite_iron_helmet"
            ]
          },
          {
            "items": [
              "advancednetherite:netherite_iron_chestplate"
            ]
          },
          {
            "items": [
              "advancednetherite:netherite_iron_leggings"
            ]
          },
          {
            "items": [
              "advancednetherite:netherite_iron_boots"
            ]
          }
        ]
      }
    }
  },
  "requirements": [
    [
      "netherite_iron_armor"
    ]
  ]
}