{
  "parent": "minecraft:recipes/root",
  "rewards": {
    "recipes": ["ae2wtlib:wireless_universal_terminal/upgrade_pattern"]
  },
  "criteria": {
    "has_wpt": {
      "trigger": "minecraft:inventory_changed",
      "conditions": {
        "items": [
          {
            "item": "ae2wtlib:wireless_pattern_encoding_terminal"
          }
        ]
      }
    },
    "has_the_recipe": {
      "trigger": "minecraft:recipe_unlocked",
      "conditions": {
        "recipe": "ae2wtlib:wireless_universal_terminal/upgrade_pattern"
      }
    }
  },
  "requirements": [["has_wpt", "has_the_recipe"]]
}
