{
  "parent": "minecraft:recipes/root",
  "rewards": {
    "recipes": ["ae2wtlib:wireless_universal_terminal/upgrade_crafting"]
  },
  "criteria": {
    "has_wct": {
      "trigger": "minecraft:inventory_changed",
      "conditions": {
        "items": [
          {
            "item": "ae2:wireless_crafting_terminal"
          }
        ]
      }
    },
    "has_the_recipe": {
      "trigger": "minecraft:recipe_unlocked",
      "conditions": {
        "recipe": "ae2wtlib:wireless_universal_terminal/upgrade_crafting"
      }
    }
  },
  "requirements": [["has_wct", "has_the_recipe"]]
}
