{
  "parent": "minecraft:recipes/root",
  "rewards": {
    "recipes": [
      "advancednetherite:netherite_iron_ingot",
      "advancednetherite:netherite_gold_ingot",
      "advancednetherite:netherite_emerald_ingot",
      "advancednetherite:netherite_diamond_ingot",
      "advancednetherite:netherite_iron_ingot_from_block",
      "advancednetherite:netherite_gold_ingot_from_block",
      "advancednetherite:netherite_emerald_ingot_from_block",
      "advancednetherite:netherite_diamond_ingot_from_block"
    ]
  },
  "criteria": {
    "has_ingredients": {
      "trigger": "minecraft:inventory_changed",
      "conditions": {
        "items": [
          {
            "item": "minecraft:netherite_ingot"
          }
        ]
      }
    },
    "has_the_recipe1": {
      "trigger": "minecraft:recipe_unlocked",
      "conditions": {
        "recipe": "advancednetherite:netherite_iron_ingot"
      }
    },
    "has_the_recipe2": {
      "trigger": "minecraft:recipe_unlocked",
      "conditions": {
        "recipe": "advancednetherite:netherite_gold_ingot"
      }
    },
    "has_the_recipe3": {
      "trigger": "minecraft:recipe_unlocked",
      "conditions": {
        "recipe": "advancednetherite:netherite_emerald_ingot"
      }
    },
    "has_the_recipe4": {
      "trigger": "minecraft:recipe_unlocked",
      "conditions": {
        "recipe": "advancednetherite:netherite_diamond_ingot"
      }
    },
    "has_the_recipe5": {
      "trigger": "minecraft:recipe_unlocked",
      "conditions": {
        "recipe": "advancednetherite:netherite_iron_ingot_from_block"
      }
    },
    "has_the_recipe6": {
      "trigger": "minecraft:recipe_unlocked",
      "conditions": {
        "recipe": "advancednetherite:netherite_gold_ingot_from_block"
      }
    },
    "has_the_recipe7": {
      "trigger": "minecraft:recipe_unlocked",
      "conditions": {
        "recipe": "advancednetherite:netherite_emerald_ingot_from_block"
      }
    },
    "has_the_recipe8": {
      "trigger": "minecraft:recipe_unlocked",
      "conditions": {
        "recipe": "advancednetherite:netherite_diamond_ingot_from_block"
      }
    }
  },
  "requirements": [
    [
      "has_ingredients",
      "has_the_recipe1",
      "has_the_recipe2",
      "has_the_recipe3",
      "has_the_recipe4",
      "has_the_recipe5",
      "has_the_recipe6",
      "has_the_recipe7",
      "has_the_recipe8"
    ]
  ]
}