{
  "mappings": {
    "de/mari_023/ae2wtlib/mixin/RestockRender": {
      "renderGuiItemDecorations(Lnet/minecraft/client/gui/Font;Lnet/minecraft/world/item/ItemStack;II)V": "Lnet/minecraft/class_918;method_4025(Lnet/minecraft/class_327;Lnet/minecraft/class_1799;II)V"
    },
    "de/mari_023/ae2wtlib/mixin/PlayerInventoryInsertStack": {
      "add(Lnet/minecraft/world/item/ItemStack;)Z": "Lnet/minecraft/class_1661;method_7394(Lnet/minecraft/class_1799;)Z"
    },
    "de/mari_023/ae2wtlib/mixin/Restock": {
      "useOn": "Lnet/minecraft/class_1799;method_7981(Lnet/minecraft/class_1838;)Lnet/minecraft/class_1269;",
      "use": "Lnet/minecraft/class_1799;method_7913(Lnet/minecraft/class_1937;Lnet/minecraft/class_1657;Lnet/minecraft/class_1268;)Lnet/minecraft/class_1271;"
    }
  },
  "data": {
    "named:intermediary": {
      "de/mari_023/ae2wtlib/mixin/RestockRender": {
        "renderGuiItemDecorations(Lnet/minecraft/client/gui/Font;Lnet/minecraft/world/item/ItemStack;II)V": "Lnet/minecraft/class_918;method_4025(Lnet/minecraft/class_327;Lnet/minecraft/class_1799;II)V"
      },
      "de/mari_023/ae2wtlib/mixin/PlayerInventoryInsertStack": {
        "add(Lnet/minecraft/world/item/ItemStack;)Z": "Lnet/minecraft/class_1661;method_7394(Lnet/minecraft/class_1799;)Z"
      },
      "de/mari_023/ae2wtlib/mixin/Restock": {
        "useOn": "Lnet/minecraft/class_1799;method_7981(Lnet/minecraft/class_1838;)Lnet/minecraft/class_1269;",
        "use": "Lnet/minecraft/class_1799;method_7913(Lnet/minecraft/class_1937;Lnet/minecraft/class_1657;Lnet/minecraft/class_1268;)Lnet/minecraft/class_1271;"
      }
    }
  }
}