{
  "$schema": "schema.json",
  "includes": ["../terminals/crafting_terminal.json"],
  "slots": {
    "CRAFTING_GRID": {
      "left": 80,
      "bottom": 160,
      "grid": "BREAK_AFTER_3COLS"
    },
    "CRAFTING_RESULT": {
      "left": 174,
      "bottom": 142
    },
    "PLAYER_INVENTORY": {
      "left": 8,
      "bottom": 84,
      "grid": "BREAK_AFTER_9COLS"
    },
    "PLAYER_HOTBAR": {
      "left": 8,
      "bottom": 26,
      "grid": "HORIZONTAL"
    },
    "AE2WTLIB_TRASH": {
      "left": 98,
      "bottom": 106
    },
    "AE2WTLIB_HELMET": {
      "left": 8,
      "bottom": 160
    },
    "AE2WTLIB_CHESTPLATE": {
      "left": 8,
      "bottom": 142
    },
    "AE2WTLIB_LEGGINGS": {
      "left": 8,
      "bottom": 124
    },
    "AE2WTLIB_BOOTS": {
      "left": 8,
      "bottom": 106
    },
    "AE2WTLIB_OFFHAND": {
      "left": 80,
      "bottom": 106
    }
  },
  "text": {
    "dialog_title": {
      "text": {
        "translate": "gui.ae2.Terminal"
      },
      "position": {
        "left": 8,
        "top": 6
      }
    },
    "crafting_grid_title": {
      "text": {
        "translate": "gui.ae2.CraftingTerminal"
      },
      "position": {
        "left": 8,
        "bottom": 170
      }
    }
  },
  "terminalStyle": {
    "header": {
      "texture": "wtlib/guis/crafting.png",
      "srcRect": [0, 0, 195, 17]
    },
    "firstRow": {
      "texture": "wtlib/guis/crafting.png",
      "srcRect": [0, 17, 195, 18]
    },
    "row": {
      "texture": "wtlib/guis/crafting.png",
      "srcRect": [0, 35, 195, 18]
    },
    "lastRow": {
      "texture": "wtlib/guis/crafting.png",
      "srcRect": [0, 53, 195, 18]
    },
    "bottom": {
      "texture": "wtlib/guis/crafting.png",
      "srcRect": [0, 71, 200, 172]
    }
  },
  "widgets": {
    "clearCraftingGrid": {
      "left": 135,
      "bottom": 162
    },
    "clearToPlayerInv": {
      "left": 145,
      "bottom": 162
    },
    "emptyTrash": {
      "left": 116,
      "bottom": 106
    },
    "player": {
      "left": 52,
      "bottom": 94
    },
    "upgrades": {
      "$comment": "The upgrade panel found on some screens",
      "right": -2,
      "top": 107
    }
  }
}
