{
  "parent": "minecraft:husbandry/obtain_netherite_hoe",
  "display": {
    "icon": {
      "item": "advancednetherite:netherite_diamond_hoe",
      "nbt": "{Damage:0}"
    },
    "title": {
      "translate": "advancements.advancednetherite.husbandry.netherite_diamond_hoe.title"
    },
    "description": {
      "translate": "advancements.advancednetherite.husbandry.netherite_diamond_hoe.description"
    },
    "frame": "challenge",
    "show_toast": true,
    "announce_to_chat": true,
    "hidden": false
  },
  "rewards": {
    "experience": 200
  },
  "criteria": {
    "netherite_diamond_hoe": {
      "trigger": "minecraft:inventory_changed",
      "conditions": {
        "items": [
          {
            "items": [
              "advancednetherite:netherite_diamond_hoe"
            ]
          }
        ]
      }
    }
  },
  "requirements": [
    [
      "netherite_diamond_hoe"
    ]
  ]
}