{
  "parent": "minecraft:recipes/root",
  "rewards": {
    "recipes": ["ae2wtlib:wireless_pattern_access_terminal"]
  },
  "criteria": {
    "has_wt": {
      "trigger": "minecraft:inventory_changed",
      "conditions": {
        "items": [
          {
            "item": "ae2:wireless_terminal"
          }
        ]
      }
    },
    "has_the_recipe": {
      "trigger": "minecraft:recipe_unlocked",
      "conditions": {
        "recipe": "ae2wtlib:wireless_pattern_access_terminal"
      }
    }
  },
  "requirements": [["has_wt", "has_the_recipe"]]
}
